{
  "as_of": "2026-04-18",
  "source": "fx_regime",
  "row": {
    "DXY": 98.10700225830078,
    "EURUSD": 1.178550362586975,
    "USDJPY": 158.42300415039062,
    "US_2Y": 3.76,
    "US_10Y": 4.29,
    "DE_2Y": 2.4885726292,
    "DE_10Y": 3.0746082746,
    "JP_2Y": 1.366,
    "JP_10Y": 2.409,
    "IT_10Y": 3.492,
    "US_DE_10Y_spread": 1.2153917254,
    "US_DE_2Y_spread": 1.2714273707999997,
    "US_JP_10Y_spread": 1.881,
    "US_JP_10Y_spread_accel": 0.0100000000000006,
    "US_JP_2Y_spread": 2.394,
    "US_curve": 0.5300000000000002,
    "BTP_Bund_spread": 0.4173917253999999,
    "BTP_Bund_flag": "NORMAL",
    "Brent": 90.83999633789062,
    "Gold": 4878.7998046875,
    "EURUSD_vol30": 8.527793055122594,
    "USDJPY_vol30": 7.0698540126310885,
    "EURUSD_vol_pct": 86.90476190476191,
    "USDJPY_vol_pct": 19.444444444444446,
    "EURUSD_spread_corr_60d": 0.3199517196717146,
    "EURUSD_corr_percentile": 98.14814814814817,
    "EURUSD_corr_20d": 0.5026664424002353,
    "USDJPY_spread_corr_60d": -0.1892110897392996,
    "USDJPY_corr_percentile": 28.04232804232804,
    "USDJPY_corr_20d": -0.4881071586059138,
    "oil_eurusd_corr_60d": -0.3331132901724088,
    "oil_usdjpy_corr_60d": 0.132026644476645,
    "gold_usdjpy_corr_60d": -0.3081815197432485,
    "dxy_eurusd_corr_60d": -0.1601428502528464,
    "dxy_usdjpy_corr_60d": 0.1484189161155346,
    "EURUSD_S1": 1.146,
    "EURUSD_S2": 1.1435,
    "EURUSD_S3": 1.1435,
    "EURUSD_R1": 1.1809,
    "EURUSD_R2": 1.2018,
    "EURUSD_R3": 1.2018,
    "USDJPY_S1": 158.42,
    "USDJPY_S2": 152.45,
    "USDJPY_S3": 152.45,
    "USDJPY_R1": 160.23,
    "USDJPY_R2": 160.23,
    "USDJPY_R3": 160.23,
    "eurusd_composite_score": 2.4,
    "eurusd_composite_label": "NEUTRAL",
    "usdjpy_composite_score": -15.5,
    "usdjpy_composite_label": "NEUTRAL",
    "EURUSD_chg_1D": -0.2003483863308841,
    "EURUSD_chg_1W": 0.8061311648615677,
    "EURUSD_chg_1M": 2.800232003507097,
    "EURUSD_chg_3M": 1.257515400541065,
    "EURUSD_chg_12M": 3.89981752578501,
    "USDJPY_chg_1D": -0.2430602629378442,
    "USDJPY_chg_1W": -0.4330253930831751,
    "USDJPY_chg_1M": -0.8585963479934011,
    "USDJPY_chg_3M": 0.1555233657409394,
    "USDJPY_chg_12M": 10.137582737830297,
    "DXY_chg_1D": -0.1150467939299182,
    "DXY_chg_1W": -0.5504300650575056,
    "DXY_chg_1M": -1.1317152682070786,
    "DXY_chg_3M": -0.5403458380430548,
    "DXY_chg_12M": -0.9120289450021636,
    "Brent_chg_1D": -8.6024782214138,
    "Brent_chg_1W": -4.579832720711097,
    "Brent_chg_1M": -16.392089220308193,
    "Brent_chg_3M": 39.92606115220782,
    "Brent_chg_12M": 37.9289333374419,
    "Gold_chg_1D": 1.951767966100504,
    "Gold_chg_1W": 2.454900454463837,
    "Gold_chg_1M": 6.044723576171007,
    "Gold_chg_3M": 2.504405928765885,
    "Gold_chg_12M": 46.400594289197294,
    "US_2Y_chg_1D": 0.0,
    "US_2Y_chg_1W": -0.0500000000000002,
    "US_2Y_chg_1M": -0.0300000000000002,
    "US_2Y_chg_3M": 0.1599999999999997,
    "US_2Y_chg_12M": 0.0899999999999998,
    "US_10Y_chg_1D": 0.0,
    "US_10Y_chg_1W": -0.0199999999999995,
    "US_10Y_chg_1M": 0.04,
    "US_10Y_chg_3M": -0.0099999999999997,
    "US_10Y_chg_12M": 0.0599999999999996,
    "DE_2Y_chg_1D": 0.0,
    "DE_2Y_chg_1W": -0.0424894926999996,
    "DE_2Y_chg_1M": 0.0203879654000003,
    "DE_2Y_chg_3M": 0.4338683606,
    "DE_2Y_chg_12M": 0.7522501845,
    "DE_10Y_chg_1D": 0.0,
    "DE_10Y_chg_1W": -0.0258332417,
    "DE_10Y_chg_1M": 0.06289289,
    "DE_10Y_chg_3M": 0.1468739144999999,
    "DE_10Y_chg_12M": 0.4671429731000001,
    "JP_2Y_chg_1D": 0.0,
    "JP_2Y_chg_1W": -0.0389999999999999,
    "JP_2Y_chg_1M": 0.0890000000000001,
    "JP_2Y_chg_3M": 0.1460000000000001,
    "JP_2Y_chg_12M": 0.68,
    "JP_10Y_chg_1D": 0.0,
    "JP_10Y_chg_1W": -0.0300000000000002,
    "JP_10Y_chg_1M": 0.1359999999999996,
    "JP_10Y_chg_3M": 0.0789999999999997,
    "JP_10Y_chg_12M": 1.0799999999999998,
    "US_DE_10Y_spread_chg_1D": 0.0,
    "US_DE_10Y_spread_chg_1W": 0.0058332417000004,
    "US_DE_10Y_spread_chg_1M": -0.02289289,
    "US_DE_10Y_spread_chg_3M": -0.1568739144999997,
    "US_DE_10Y_spread_chg_12M": -0.4071429731000004,
    "US_DE_2Y_spread_chg_1D": 0.0,
    "US_DE_2Y_spread_chg_1W": -0.0075105073000005,
    "US_DE_2Y_spread_chg_1M": -0.0503879654000005,
    "US_DE_2Y_spread_chg_3M": -0.2738683606000003,
    "US_DE_2Y_spread_chg_12M": -0.6622501845000002,
    "US_JP_10Y_spread_chg_1D": 0.0,
    "US_JP_10Y_spread_chg_1W": 0.0100000000000006,
    "US_JP_10Y_spread_chg_1M": -0.0959999999999996,
    "US_JP_10Y_spread_chg_3M": -0.0889999999999995,
    "US_JP_10Y_spread_chg_12M": -1.0200000000000005,
    "US_JP_2Y_spread_chg_1D": 0.0,
    "US_JP_2Y_spread_chg_1W": -0.0110000000000005,
    "US_JP_2Y_spread_chg_1M": -0.1190000000000002,
    "US_JP_2Y_spread_chg_3M": 0.0139999999999997,
    "US_JP_2Y_spread_chg_12M": -0.5900000000000003,
    "US_curve_chg_1D": 0.0,
    "US_curve_chg_1W": 0.0300000000000006,
    "US_curve_chg_1M": 0.0700000000000002,
    "US_curve_chg_3M": -0.1699999999999994,
    "US_curve_chg_12M": -0.0300000000000002,
    "JPY_lev_net": -51110.0,
    "JPY_lev_pct_oi": -14.629064066198591,
    "JPY_lev_percentile": 42.30769230769231,
    "JPY_lev_long": 76763.0,
    "JPY_lev_short": 127873.0,
    "JPY_assetmgr_net": -15945.0,
    "JPY_assetmgr_pct_oi": -4.563890168959822,
    "JPY_assetmgr_percentile": 1.9230769230769231,
    "JPY_assetmgr_long": 60061.0,
    "JPY_assetmgr_short": 76006.0,
    "EUR_lev_net": 882.0,
    "EUR_lev_pct_oi": 0.1138001375407558,
    "EUR_lev_percentile": 11.538461538461538,
    "EUR_lev_long": 104662.0,
    "EUR_lev_short": 103780.0,
    "EUR_assetmgr_net": 258050.0,
    "EUR_assetmgr_pct_oi": 33.29492686212249,
    "EUR_assetmgr_percentile": 1.9230769230769231,
    "EUR_assetmgr_long": 433195.0,
    "EUR_assetmgr_short": 175145.0,
    "USDINR": 92.52300262451172,
    "IN_10Y": 7.11,
    "IN_repo_proxy": 5.61,
    "IN_10Y_source": "FBIL daily",
    "US_IN_10Y_spread": -2.8200000000000003,
    "US_IN_policy_spread": -1.8500000000000003,
    "FPI_20D_flow": -114077.62,
    "FPI_20D_percentile": null,
    "USDINR_vol30": 12.43451385855112,
    "USDINR_vol_pct": 100.0,
    "USDINR_chg_1D": -0.9249701500645968,
    "USDINR_chg_1W": 0.0575320444329285,
    "USDINR_chg_1M": -0.7760011480919093,
    "USDINR_chg_3M": 1.7804395874623902,
    "USDINR_chg_12M": 8.359908395336845,
    "oil_inr_corr_60d": 0.1189581381673946,
    "dxy_inr_corr_60d": -0.0493652895550625,
    "gold_inr_corr_60d": -0.2701169065594957,
    "gold_seasonal_flag": 1.0,
    "gold_seasonal_label": "AKSHAYA TRITIYA",
    "rbi_reserves": 576.4489513667089,
    "rbi_reserve_chg_1w": -4.740461297098705,
    "rbi_intervention_flag": "ACTIVE SUPPORT",
    "inr_composite_score": 27.013352336916384,
    "inr_composite_label": "NEUTRAL",
    "US_IN_10Y_spread_chg_12M": -0.5300000000000011,
    "US_IN_policy_spread_chg_12M": -0.5000000000000009
  }
}