{
  "as_of": "2026-04-19",
  "source": "fx_regime",
  "row": {
    "DXY": 98.0999984741211,
    "EURUSD": 1.176747441291809,
    "USDJPY": 158.58399963378906,
    "US_2Y": 3.78,
    "US_10Y": 4.32,
    "DE_2Y": 2.4885726292,
    "DE_10Y": 3.0746082746,
    "IT_10Y": 3.492,
    "JP_2Y": null,
    "JP_10Y": null,
    "US_DE_10Y_spread": 1.2453917254000002,
    "US_DE_2Y_spread": 1.2914273707999997,
    "US_JP_10Y_spread": null,
    "US_JP_10Y_spread_accel": null,
    "US_JP_2Y_spread": null,
    "US_curve": 0.5400000000000005,
    "BTP_Bund_spread": 0.4173917253999999,
    "BTP_Bund_flag": "NORMAL",
    "Brent": 90.37999725341795,
    "Gold": 4857.60009765625,
    "EURUSD_vol30": 8.5783609237369,
    "USDJPY_vol30": 7.043209461631523,
    "EURUSD_vol_pct": 87.16931216931218,
    "USDJPY_vol_pct": 18.65079365079365,
    "EURUSD_spread_corr_60d": 0.317477246268808,
    "EURUSD_corr_percentile": 97.61904761904762,
    "EURUSD_corr_20d": 0.4801727067550856,
    "USDJPY_spread_corr_60d": null,
    "USDJPY_corr_percentile": null,
    "USDJPY_corr_20d": null,
    "oil_eurusd_corr_60d": -0.3201614138733808,
    "oil_usdjpy_corr_60d": 0.1265990138427429,
    "gold_usdjpy_corr_60d": -0.3061632227369969,
    "dxy_eurusd_corr_60d": -0.1578802201980653,
    "dxy_usdjpy_corr_60d": 0.1477342100215764,
    "EURUSD_S1": 1.146,
    "EURUSD_S2": 1.1435,
    "EURUSD_S3": 1.1435,
    "EURUSD_R1": 1.1809,
    "EURUSD_R2": 1.2018,
    "EURUSD_R3": 1.2018,
    "USDJPY_S1": 158.48,
    "USDJPY_S2": 152.45,
    "USDJPY_S3": 152.45,
    "USDJPY_R1": 160.23,
    "USDJPY_R2": 160.23,
    "USDJPY_R3": 160.23,
    "eurusd_composite_score": 3.5,
    "eurusd_composite_label": "NEUTRAL",
    "usdjpy_composite_score": null,
    "usdjpy_composite_label": "UNKNOWN",
    "EURUSD_chg_1D": -0.3530197721760109,
    "EURUSD_chg_1W": 0.6519200879912646,
    "EURUSD_chg_1M": 2.6429703935574755,
    "EURUSD_chg_3M": 1.102613805660968,
    "EURUSD_chg_12M": 3.740873793274568,
    "USDJPY_chg_1D": -0.1416834659161758,
    "USDJPY_chg_1W": -0.3318416458532369,
    "USDJPY_chg_1M": -0.757845082157016,
    "USDJPY_chg_3M": 0.2573052186086277,
    "USDJPY_chg_12M": 10.24950873916013,
    "DXY_chg_1D": -0.1221775046738038,
    "DXY_chg_1W": -0.5575296941212171,
    "DXY_chg_1M": -1.138773399762805,
    "DXY_chg_3M": -0.5474461870120573,
    "DXY_chg_12M": -0.919102759797219,
    "Brent_chg_1D": -9.06530052476172,
    "Brent_chg_1W": -5.063025051822989,
    "Brent_chg_1M": -16.81546619040707,
    "Brent_chg_3M": 39.21749815552449,
    "Brent_chg_12M": 37.23048347377706,
    "Gold_chg_1D": 1.5087599111024863,
    "Gold_chg_1W": 2.009706152483326,
    "Gold_chg_1M": 5.583930520086855,
    "Gold_chg_3M": 2.058996512086342,
    "Gold_chg_12M": 45.76444404069768,
    "US_2Y_chg_1D": 0.0,
    "US_2Y_chg_1W": -0.0300000000000002,
    "US_2Y_chg_1M": -0.0100000000000002,
    "US_2Y_chg_3M": 0.1799999999999997,
    "US_2Y_chg_12M": 0.1099999999999998,
    "US_10Y_chg_1D": 0.0,
    "US_10Y_chg_1W": 0.0100000000000006,
    "US_10Y_chg_1M": 0.0700000000000002,
    "US_10Y_chg_3M": 0.0200000000000004,
    "US_10Y_chg_12M": 0.0899999999999998,
    "DE_2Y_chg_1D": 0.0,
    "DE_2Y_chg_1W": -0.0424894926999996,
    "DE_2Y_chg_1M": 0.0203879654000003,
    "DE_2Y_chg_3M": 0.4338683606,
    "DE_2Y_chg_12M": 0.7522501845,
    "DE_10Y_chg_1D": 0.0,
    "DE_10Y_chg_1W": -0.0258332417,
    "DE_10Y_chg_1M": 0.06289289,
    "DE_10Y_chg_3M": 0.1468739144999999,
    "DE_10Y_chg_12M": 0.4671429731000001,
    "JP_2Y_chg_1D": null,
    "JP_2Y_chg_1W": null,
    "JP_2Y_chg_1M": null,
    "JP_2Y_chg_3M": null,
    "JP_2Y_chg_12M": null,
    "JP_10Y_chg_1D": null,
    "JP_10Y_chg_1W": null,
    "JP_10Y_chg_1M": null,
    "JP_10Y_chg_3M": null,
    "JP_10Y_chg_12M": null,
    "US_DE_10Y_spread_chg_1D": 0.0,
    "US_DE_10Y_spread_chg_1W": 0.0358332417000006,
    "US_DE_10Y_spread_chg_1M": 0.0071071100000001,
    "US_DE_10Y_spread_chg_3M": -0.1268739144999995,
    "US_DE_10Y_spread_chg_12M": -0.3771429731000002,
    "US_DE_2Y_spread_chg_1D": 0.0,
    "US_DE_2Y_spread_chg_1W": 0.0124894926999994,
    "US_DE_2Y_spread_chg_1M": -0.0303879654000005,
    "US_DE_2Y_spread_chg_3M": -0.2538683606000003,
    "US_DE_2Y_spread_chg_12M": -0.6422501845000002,
    "US_JP_10Y_spread_chg_1D": null,
    "US_JP_10Y_spread_chg_1W": null,
    "US_JP_10Y_spread_chg_1M": null,
    "US_JP_10Y_spread_chg_3M": null,
    "US_JP_10Y_spread_chg_12M": null,
    "US_JP_2Y_spread_chg_1D": null,
    "US_JP_2Y_spread_chg_1W": null,
    "US_JP_2Y_spread_chg_1M": null,
    "US_JP_2Y_spread_chg_3M": null,
    "US_JP_2Y_spread_chg_12M": null,
    "US_curve_chg_1D": 0.0,
    "US_curve_chg_1W": 0.0400000000000009,
    "US_curve_chg_1M": 0.0800000000000005,
    "US_curve_chg_3M": -0.1599999999999992,
    "US_curve_chg_12M": -0.02,
    "JPY_lev_net": -54445.0,
    "JPY_lev_pct_oi": -15.365012530196646,
    "JPY_lev_percentile": 34.61538461538461,
    "JPY_lev_long": 77737.0,
    "JPY_lev_short": 132182.0,
    "JPY_assetmgr_net": -10033.0,
    "JPY_assetmgr_pct_oi": -2.831429345494773,
    "JPY_assetmgr_percentile": 3.8461538461538463,
    "JPY_assetmgr_long": 62664.0,
    "JPY_assetmgr_short": 72697.0,
    "EUR_lev_net": 25382.0,
    "EUR_lev_pct_oi": 3.2176849706146338,
    "EUR_lev_percentile": 55.76923076923077,
    "EUR_lev_long": 117694.0,
    "EUR_lev_short": 92312.0,
    "EUR_assetmgr_net": 270442.0,
    "EUR_assetmgr_pct_oi": 34.28402642908213,
    "EUR_assetmgr_percentile": 5.769230769230769,
    "EUR_assetmgr_long": 434892.0,
    "EUR_assetmgr_short": 164450.0,
    "USDINR": 92.5749969482422,
    "IN_10Y": 7.11,
    "IN_repo_proxy": 5.61,
    "IN_10Y_source": "FBIL daily",
    "US_IN_10Y_spread": -2.79,
    "US_IN_policy_spread": -1.8300000000000003,
    "FPI_20D_flow": -114077.62,
    "FPI_20D_percentile": null,
    "USDINR_vol30": 12.397997016187302,
    "USDINR_vol_pct": 100.0,
    "USDINR_chg_1D": -0.8692938422330321,
    "USDINR_chg_1W": 0.1137604802296188,
    "USDINR_chg_1M": -0.7202411254835339,
    "USDINR_chg_3M": 1.8376362301915083,
    "USDINR_chg_12M": 8.420802443267572,
    "oil_inr_corr_60d": 0.1182746114730276,
    "dxy_inr_corr_60d": -0.049513243170719,
    "gold_inr_corr_60d": -0.2659174107646527,
    "gold_seasonal_flag": 1.0,
    "gold_seasonal_label": "AKSHAYA TRITIYA",
    "rbi_reserves": 576.4489513667089,
    "rbi_reserve_chg_1w": -4.740461297098705,
    "rbi_intervention_flag": "ACTIVE SUPPORT",
    "inr_composite_score": 27.03339957658869,
    "inr_composite_label": "NEUTRAL",
    "US_IN_10Y_spread_chg_12M": -0.5000000000000009,
    "US_IN_policy_spread_chg_12M": -0.4800000000000008
  }
}